City_ID,City,Country,Lat,Lng,Max Temp,Humidity,Cloudiness,Wind Speed,Current Description
0,Mataura,NZ,-46.1927,168.8643,55.0,53,100,6.82,overcast clouds
1,Barrow,US,71.2906,-156.7887,-16.58,69,1,5.75,clear sky
2,Morgan City,US,29.6994,-91.2068,48.2,87,1,0.0,clear sky
3,Albany,US,42.6001,-73.9662,30.61,75,95,16.84,light snow
4,Kitui,KE,-1.367,38.0106,69.49,82,93,4.68,light rain
5,Platanos,GR,37.6667,21.6167,59.68,84,88,4.76,overcast clouds
6,Butaritari,KI,3.0707,172.7902,82.35,74,84,17.18,broken clouds
7,Tuktoyaktuk,CA,69.4541,-133.0374,-4.0,77,90,20.71,light snow
8,Chapais,CA,49.7834,-74.8492,19.18,90,100,13.65,overcast clouds
9,Rikitea,PF,-23.1203,-134.9692,76.15,74,100,15.64,overcast clouds
10,Chokurdakh,RU,70.6333,147.9167,-23.89,97,93,3.06,overcast clouds
11,Bengkulu,ID,-3.8004,102.2655,84.65,56,99,8.88,overcast clouds
12,Armidale,AU,-30.5167,151.65,60.48,83,99,9.73,overcast clouds
13,Mahebourg,MU,-20.4081,57.7,82.69,57,20,11.5,few clouds
14,Geraldton,AU,-28.7667,114.6,102.61,11,14,17.27,few clouds
15,Olinda,BR,-8.0089,-34.8553,82.13,74,40,8.05,scattered clouds
16,Lerwick,GB,60.1545,-1.1494,35.6,62,90,28.72,overcast clouds
17,Kysyl-Syr,RU,63.8986,122.7617,0.45,91,100,10.47,overcast clouds
18,Bluff,NZ,-46.6,168.3333,51.64,58,93,17.9,overcast clouds
19,Puerto Ayora,EC,-0.7393,-90.3518,68.99,83,92,8.75,overcast clouds
20,Jinchang,CN,38.4953,102.1739,47.25,14,0,3.42,clear sky
21,Severobaykalsk,RU,55.65,109.3167,12.88,63,46,10.07,scattered clouds
22,Warri,NG,5.5167,5.75,77.23,91,97,1.45,overcast clouds
23,Punta Arenas,CL,-53.15,-70.9167,41.11,81,75,8.05,broken clouds
24,Ponta Do Sol,PT,32.6667,-17.1,61.43,73,71,8.99,broken clouds
25,Port Alfred,ZA,-33.5906,26.891,68.22,74,93,35.79,overcast clouds
26,Chunoyar,RU,57.4467,97.3217,10.31,89,98,7.58,overcast clouds
27,Yar-Sale,RU,66.8333,70.8333,-8.09,97,54,7.56,broken clouds
28,Ushuaia,AR,-54.8,-68.3,40.66,81,40,2.3,scattered clouds
29,Upernavik,GL,72.7868,-56.1549,19.17,86,100,9.6,light snow
30,Arkhara,RU,49.4212,130.0842,13.66,90,23,3.22,few clouds
31,Tiksi,RU,71.6872,128.8694,-3.24,97,100,5.44,overcast clouds
32,Bredasdorp,ZA,-34.5322,20.0403,61.54,89,100,6.91,moderate rain
33,Oranjestad,AW,12.524,-70.027,80.55,83,20,8.05,few clouds
34,Kavieng,PG,-2.5744,150.7967,84.78,69,97,7.99,overcast clouds
35,Esqueda,MX,30.7167,-109.5833,47.71,89,100,0.6,overcast clouds
36,Safaga,EG,26.7292,33.9365,64.35,34,57,10.2,broken clouds
37,Nishihara,JP,26.1842,127.7558,70.88,64,75,13.8,light rain
38,Jamestown,US,42.097,-79.2353,29.52,80,90,12.66,light snow
39,Codrington,AU,-38.2667,141.9667,60.55,56,23,22.7,few clouds
40,Aljezur,PT,37.3191,-8.8033,50.09,85,6,9.28,clear sky
41,Cape Town,ZA,-33.9258,18.4232,61.21,88,20,17.27,few clouds
42,Carnarvon,AU,-24.8667,113.6333,95.07,29,0,17.27,clear sky
43,Westport,US,41.1415,-73.3579,39.02,64,20,12.66,few clouds
44,Severnoye,RU,56.3491,78.3619,18.16,92,100,15.43,light snow
45,Dikson,RU,73.5069,80.5464,-7.06,98,100,9.84,overcast clouds
46,Klaksvik,FO,62.2266,-6.589,32.92,62,100,28.7,overcast clouds
47,New Norfolk,AU,-42.7826,147.0587,65.7,40,31,5.35,scattered clouds
48,Port Macquarie,AU,-31.4333,152.9167,64.36,85,100,15.95,overcast clouds
49,Ambon,ID,-3.6954,128.1814,85.26,70,84,4.09,light rain
50,Agadez,NE,19.75,10.25,67.96,24,8,1.7,clear sky
51,Rio Gallegos,AR,-51.6226,-69.2181,50.05,43,75,12.66,broken clouds
52,Busselton,AU,-33.65,115.3333,84.85,31,36,8.12,scattered clouds
53,Borogontsy,RU,62.6683,131.1683,5.54,97,100,2.64,light snow
54,Zainsk,RU,55.3195,52.0694,29.39,92,100,16.71,overcast clouds
55,Port Hueneme,US,34.1478,-119.1951,63.52,69,1,0.0,clear sky
56,Tura,IN,25.5198,90.2201,75.79,43,0,2.13,clear sky
57,Ust-Koksa,RU,50.2696,85.6108,8.13,81,75,0.63,broken clouds
58,Hilo,US,19.7297,-155.09,71.33,78,20,4.61,few clouds
59,Escalerillas,MX,22.1333,-101.0667,51.98,84,92,7.05,overcast clouds
60,Namatanai,PG,-3.6667,152.4333,84.6,71,67,1.92,light rain
61,East London,ZA,-33.0153,27.9116,65.34,82,0,12.66,clear sky
62,Maniitsoq,GL,65.4167,-52.9,32.99,97,100,6.76,snow
63,Sisimiut,GL,66.9395,-53.6735,27.12,66,100,8.3,overcast clouds
64,Beringovskiy,RU,63.05,179.3167,1.81,97,99,9.89,light snow
65,Hammerfest,NO,70.6634,23.6821,21.65,73,96,10.36,overcast clouds
66,Itacarambi,BR,-15.1022,-44.0919,70.05,64,72,3.91,broken clouds
67,Nikolskoye,RU,59.7035,30.7861,26.49,81,100,5.7,light snow
68,Tasiilaq,GL,65.6145,-37.6368,28.56,76,99,8.16,overcast clouds
69,Varadero,CU,23.1536,-81.2514,70.56,74,87,7.58,overcast clouds
70,Asyut,EG,27.181,31.1837,53.78,34,0,3.96,clear sky
71,Nizhniy Kuranakh,RU,58.8353,125.4869,14.76,78,100,12.82,overcast clouds
72,Vila,PT,42.0304,-8.1588,40.08,91,97,6.58,overcast clouds
73,Qaanaaq,GL,77.484,-69.3632,4.68,96,100,10.22,light snow
74,Arraial Do Cabo,BR,-22.9661,-42.0278,73.06,89,100,24.4,overcast clouds
75,Lasem,ID,-6.6922,111.4527,82.87,77,95,3.85,moderate rain
76,Kenora,CA,49.8167,-94.4337,26.58,63,75,6.91,broken clouds
77,Sivas,TR,39.7916,37.0019,39.83,93,75,9.22,broken clouds
78,Cherskiy,RU,68.75,161.3,-33.61,96,17,4.25,few clouds
79,Misratah,LY,32.3754,15.0925,64.45,54,96,22.28,overcast clouds
80,Kapaa,US,22.0752,-159.319,76.98,73,40,9.22,scattered clouds
81,Monrovia,LR,6.3005,-10.7969,76.77,83,39,4.0,light rain
82,Yellowknife,CA,62.456,-114.3525,5.52,85,90,17.27,light snow
83,Zabaykalsk,RU,49.6333,117.3167,20.64,79,75,1.52,broken clouds
84,Kruisfontein,ZA,-34.0033,24.7314,67.98,66,100,9.71,light rain
85,Cabo San Lucas,MX,22.8909,-109.9124,70.99,84,100,6.38,overcast clouds
86,Harper,LR,4.375,-7.7169,77.77,86,61,6.42,light rain
87,Muhos,FI,64.808,25.9931,4.78,98,80,2.84,broken clouds
88,Muros,ES,42.7762,-9.0603,48.7,73,76,21.79,broken clouds
89,Aguimes,ES,27.9054,-15.4461,59.63,67,40,11.5,scattered clouds
90,Sambhar,IN,26.9167,75.2,75.36,28,0,3.78,clear sky
91,Sovetskaya Gavan,RU,48.9723,140.2878,32.76,60,28,8.34,scattered clouds
92,Thompson,CA,55.7435,-97.8558,17.76,93,90,3.44,light snow
93,Marsh Harbour,BS,26.5412,-77.0636,73.17,67,83,10.78,broken clouds
94,Tucurui,BR,-3.7661,-49.6725,75.7,91,86,3.67,overcast clouds
95,Port Hardy,CA,50.6996,-127.4199,42.8,87,90,5.75,overcast clouds
96,Bambous Virieux,MU,-20.3428,57.7575,82.65,57,20,11.5,few clouds
97,Osoyoos,CA,49.0331,-119.4524,39.96,87,89,1.14,overcast clouds
98,Bambanglipuro,ID,-7.95,110.2833,83.89,71,81,10.83,light rain
99,Stromness,GB,58.965,-3.296,37.36,60,100,36.66,overcast clouds
100,Saint-Francois,FR,46.4154,3.9054,36.84,93,90,5.75,overcast clouds
101,Castro,BR,-24.7911,-50.0119,56.59,98,23,4.83,few clouds
102,Pisco,PE,-13.7,-76.2167,64.45,88,0,6.91,clear sky
103,Hobart,AU,-42.8794,147.3294,66.06,42,20,11.5,few clouds
104,Namibe,AO,-15.1961,12.1522,69.31,63,67,7.56,broken clouds
105,Dergachi,RU,51.2328,48.7659,27.55,84,11,9.19,few clouds
106,Balkhash,KZ,46.844,74.9804,20.01,73,0,6.71,clear sky
107,Hithadhoo,MV,-0.6,73.0833,81.36,71,80,13.82,broken clouds
108,Rocha,UY,-34.4833,-54.3333,61.02,98,34,4.61,scattered clouds
109,Mar Del Plata,AR,-38.0023,-57.5575,55.85,95,24,9.71,few clouds
110,Pandua,IN,23.0833,88.2833,78.67,32,1,7.45,clear sky
111,Formosa,AR,-26.1775,-58.1781,67.98,88,0,2.3,clear sky
112,Kalmunai,LK,7.4167,81.8167,84.07,72,61,3.56,broken clouds
113,Mount Gambier,AU,-37.8333,140.7667,69.71,46,75,14.97,broken clouds
114,Khatanga,RU,71.9667,102.5,-0.26,93,100,15.01,overcast clouds
115,Victoria,HK,22.2855,114.1577,76.96,47,90,8.21,overcast clouds
116,Quesnel,CA,52.9999,-122.5029,23.5,86,1,2.3,clear sky
117,Ribeira Grande,PT,38.5167,-28.7,63.55,65,30,12.59,scattered clouds
118,Vila Velha,BR,-20.3297,-40.2925,75.15,78,40,10.36,scattered clouds
119,Gao,ML,16.6362,1.637,73.96,24,85,10.38,overcast clouds
120,Luderitz,NA,-26.6481,15.1594,62.42,69,0,4.52,clear sky
121,Naze,JP,28.3667,129.4833,67.12,55,85,15.77,overcast clouds
122,Mareeba,AU,-17.0,145.4333,81.32,64,75,4.27,broken clouds
123,Nakamura,JP,32.9833,132.9333,54.7,51,10,8.14,clear sky
124,Georgetown,MY,5.4112,100.3354,87.75,70,40,4.61,scattered clouds
125,Rey Bouba,CM,8.6724,14.1786,73.42,30,5,2.33,clear sky
126,Gamba,GA,-2.65,10.0,77.5,86,99,4.76,light rain
127,Normandin,CA,48.8333,-72.5321,28.02,74,100,16.11,overcast clouds
128,Haines Junction,CA,60.7522,-137.5108,-7.65,77,99,5.75,light snow
129,Labuhan,ID,-6.8844,112.2051,84.92,71,98,5.32,moderate rain
130,Hasaki,JP,35.7333,140.8333,54.0,29,40,17.36,scattered clouds
131,Fukue,JP,32.6881,128.8419,57.56,51,20,14.97,few clouds
132,Mayumba,GA,-3.432,10.6554,77.45,86,99,4.5,light rain
133,Nemuro,JP,43.3236,145.575,37.83,58,70,28.9,broken clouds
134,Khanpur,PK,28.6453,70.6567,82.62,12,0,2.48,clear sky
135,Atuona,PF,-9.8,-139.0333,78.3,79,15,18.84,light rain
136,General Roca,AR,-39.0333,-67.5833,69.75,34,44,7.78,scattered clouds
137,Boyolangu,ID,-8.1181,111.8935,85.24,69,63,9.46,light rain
138,Airai,TL,-8.9266,125.4092,71.92,72,100,1.57,overcast clouds
139,Motygino,RU,58.1831,94.7592,8.55,93,100,8.39,overcast clouds
140,Lebu,CL,-37.6167,-73.65,50.56,85,25,11.74,scattered clouds
141,Saint-Philippe,RE,-21.3585,55.7679,83.79,81,47,11.01,light rain
142,Lata,PT,40.1629,-8.3327,41.41,95,99,4.7,overcast clouds
143,Itarema,BR,-2.9248,-39.9167,80.35,77,32,13.04,scattered clouds
144,Bathsheba,BB,13.2167,-59.5167,77.61,94,20,4.61,few clouds
145,Bilma,NE,18.6853,12.9164,71.46,21,15,7.54,few clouds
146,Majene,ID,-3.5403,118.9707,86.52,69,99,12.82,overcast clouds
147,Port Elizabeth,ZA,-33.918,25.5701,62.89,82,0,20.71,light rain
148,Samfya,ZM,-11.3649,29.5565,68.23,82,99,11.74,overcast clouds
149,Salamiyah,SY,35.0113,37.0532,59.04,57,19,5.14,few clouds
150,Vilyuysk,RU,63.7553,121.6247,1.83,90,100,11.1,overcast clouds
151,Buchanan,LR,5.8808,-10.0467,76.96,85,34,4.09,light rain
152,Lompoc,US,34.6391,-120.4579,48.51,93,1,0.0,clear sky
153,Chirgaon,IN,25.5833,78.8167,78.31,28,0,6.67,clear sky
154,Dauphin,CA,51.1494,-100.0502,32.14,80,1,12.66,clear sky
155,Ahmadpur,IN,18.7,76.9333,79.74,43,100,9.06,overcast clouds
156,Bandarbeyla,SO,9.4942,50.8122,82.49,69,54,12.24,broken clouds
157,Bethel,US,41.3712,-73.414,37.76,55,1,17.27,clear sky
158,Hermanus,ZA,-34.4187,19.2345,64.35,71,92,15.57,overcast clouds
159,Iskateley,RU,67.6803,53.1512,0.03,92,100,5.23,overcast clouds
160,Tuatapere,NZ,-46.1333,167.6833,55.71,54,100,8.66,overcast clouds
161,Kirakira,SB,-10.4544,161.9205,82.87,78,48,4.9,scattered clouds
162,Miranda,CO,3.2499,-76.2281,66.33,96,100,2.33,overcast clouds
163,Taoudenni,ML,22.6783,-3.9836,76.55,34,80,8.39,broken clouds
164,Tabuk,PH,17.4189,121.4443,81.73,74,65,1.97,broken clouds
165,Innisfail,AU,-17.5333,146.0333,83.28,71,52,7.47,light rain
166,Jennings,US,38.7192,-90.2604,39.02,48,20,5.75,few clouds
167,Zhuanghe,CN,39.7008,122.9911,42.06,45,0,4.99,clear sky
168,Miyako,JP,39.6367,141.9525,45.88,57,35,11.97,scattered clouds
169,San Quintin,MX,30.4833,-115.95,61.59,51,0,2.68,clear sky
170,Hofn,IS,64.2539,-15.2082,30.36,41,90,4.88,overcast clouds
171,Vaini,TO,-21.2,-175.2,82.56,89,75,5.75,broken clouds
172,Inongo,CD,-1.95,18.2667,70.36,93,99,4.94,overcast clouds
173,Maarianhamina,AX,60.0973,19.9348,26.46,80,0,6.91,clear sky
174,Seymchan,RU,62.8833,152.4333,-39.57,100,76,0.63,broken clouds
175,Severo-Kurilsk,RU,50.6789,156.125,34.3,85,99,7.99,overcast clouds
176,Alice Springs,AU,-23.7,133.8833,78.35,29,0,14.97,clear sky
177,Tubuala,PA,9.5167,-79.0333,73.51,88,100,1.34,overcast clouds
178,Old Shinyanga,TZ,-3.55,33.4,75.9,55,18,12.48,few clouds
179,Cotonou,BJ,6.3654,2.4183,80.76,81,61,4.09,broken clouds
180,Yantal,RU,56.8471,105.2542,10.0,82,100,7.7,overcast clouds
181,Rabo De Peixe,PT,37.8,-25.5833,54.91,71,20,5.75,few clouds
182,Torrevieja,ES,37.9787,-0.6822,44.71,58,17,10.0,few clouds
183,Tutoia,BR,-2.7619,-42.2744,80.24,80,80,11.05,broken clouds
184,Avarua,CK,-21.2078,-159.775,80.65,83,20,2.3,light rain
185,Fairbanks,US,64.8378,-147.7164,-14.8,70,90,0.0,light snow
186,Puerto Escondido,MX,15.85,-97.0667,76.84,65,50,5.79,scattered clouds
187,Eregli,TR,37.5133,34.0467,51.84,59,100,2.28,overcast clouds
188,Lircay,PE,-12.9896,-74.7205,48.56,85,100,1.39,light rain
189,Grand Gaube,MU,-20.0064,57.6608,82.8,69,2,10.54,clear sky
190,Majdanpek,RS,44.4277,21.946,37.56,96,99,4.43,light rain
191,Matagami,CA,49.7502,-77.6328,6.91,100,90,14.97,light snow
192,Bogo,PH,11.0517,124.0055,84.9,69,80,5.32,broken clouds
193,Ponta Delgada,PT,37.7333,-25.6667,56.12,71,20,5.75,few clouds
194,Korla,CN,41.7597,86.1469,37.83,49,100,4.45,overcast clouds
195,Half Moon Bay,US,37.4636,-122.4286,55.18,80,1,6.91,clear sky
196,Fallon,US,39.4735,-118.7774,33.58,55,1,3.44,clear sky
197,Marsabit,KE,2.3284,37.9899,67.44,68,97,13.51,overcast clouds
198,Bossier City,US,32.516,-93.7321,37.58,85,1,0.0,clear sky
199,Brae,GB,60.3964,-1.353,35.51,59,99,28.01,overcast clouds
200,Lingao,CN,19.9103,109.6859,75.22,70,75,17.92,broken clouds
201,Pringsewu,ID,-5.3582,104.9744,88.63,53,74,4.85,broken clouds
202,Saint George,US,37.1041,-113.5841,45.19,31,1,0.0,clear sky
203,Mwinilunga,ZM,-11.7358,24.4293,65.34,89,100,5.68,overcast clouds
204,Saskylakh,RU,71.9167,114.0833,-12.84,97,92,5.88,overcast clouds
205,College,US,64.8569,-147.8028,-9.74,70,90,3.44,light snow
206,Shepsi,RU,44.0361,39.1489,57.36,60,100,19.53,overcast clouds
207,Yuanping,CN,38.7153,112.7575,43.92,36,90,2.86,overcast clouds
208,Nantucket,US,41.2835,-70.0995,39.31,65,90,26.46,overcast clouds
209,Altay,CN,47.8667,88.1167,14.0,78,34,1.66,scattered clouds
210,Bubaque,GW,11.2833,-15.8333,82.98,70,100,6.89,overcast clouds
211,Mackay,AU,-21.15,149.2,82.38,78,40,14.97,scattered clouds
212,Port Blair,IN,11.6667,92.75,84.04,71,32,10.78,scattered clouds
213,Champerico,GT,14.3,-91.9167,76.93,81,80,4.65,broken clouds
214,Copperas Cove,US,31.1241,-97.9031,47.16,61,75,4.61,broken clouds
215,Dongsheng,CN,39.8161,109.9776,39.13,39,78,15.66,broken clouds
216,Angoche,MZ,-16.2325,39.9086,79.25,63,99,15.79,overcast clouds
217,Chunhuhub,MX,19.55,-88.6833,63.66,91,23,1.86,few clouds
218,Ledyard,US,41.4398,-72.0142,34.99,64,1,13.8,clear sky
219,Barguzin,RU,53.6167,109.6167,21.2,87,100,7.96,overcast clouds
220,Ilulissat,GL,69.2167,-51.1,15.82,79,100,2.3,overcast clouds
221,Palana,RU,59.1167,159.9667,-2.36,93,60,9.15,broken clouds
222,Celestun,MX,20.8667,-90.4,73.0,81,26,6.62,scattered clouds
223,Rawson,AR,-43.3002,-65.1023,57.25,77,98,4.25,light rain
224,Tecoanapa,MX,16.5167,-98.75,75.83,85,27,4.38,scattered clouds
225,Necochea,AR,-38.5473,-58.7368,52.77,94,5,11.3,clear sky
226,Gerash,IR,27.6652,54.1371,60.94,30,0,5.82,clear sky
227,Bireun,ID,5.203,96.7009,83.23,71,82,6.31,broken clouds
228,Umm Kaddadah,SD,13.6017,26.6876,71.31,16,36,16.35,scattered clouds
229,Kloulklubed,PW,7.0419,134.2556,84.7,77,12,13.44,few clouds
230,Sao Fidelis,BR,-21.6461,-41.7469,70.72,99,100,3.71,light rain
231,Vung Tau,VN,10.346,107.0843,77.63,80,100,8.19,light rain
232,Xichang,CN,27.8964,102.2634,56.75,69,89,3.11,overcast clouds
233,Ahipara,NZ,-35.1667,173.1667,65.68,66,96,3.4,overcast clouds
234,Nome,US,64.5011,-165.4064,-5.73,59,20,3.44,few clouds
235,Yurimaguas,PE,-5.9,-76.0833,73.27,78,32,1.95,scattered clouds
236,Manjacaze,MZ,-24.7117,33.8828,72.82,51,53,8.1,broken clouds
237,Preobrazheniye,RU,42.9019,133.9064,37.18,47,32,4.36,scattered clouds
238,San Patricio,US,28.017,-97.5169,57.18,52,100,4.23,overcast clouds
239,Cidreira,BR,-30.1811,-50.2056,69.12,94,92,10.78,overcast clouds
240,Shumyachi,RU,53.8583,32.4242,34.79,93,100,14.97,light snow
241,Banganapalle,IN,15.3167,78.2333,83.32,46,92,8.39,overcast clouds
242,Saldanha,ZA,-33.0117,17.9442,59.05,84,31,23.67,scattered clouds
243,Cocoa Beach,US,28.32,-80.6076,66.22,81,75,12.66,broken clouds
244,Coos Bay,US,43.3665,-124.2179,53.58,100,90,0.0,overcast clouds
245,Benghazi,LY,32.1167,20.0667,66.51,57,94,8.84,overcast clouds
246,Bajil,YE,15.0584,43.2851,82.35,66,3,4.5,clear sky
247,Quzhou,CN,28.9594,118.8686,61.75,56,1,11.88,clear sky
248,Peruibe,BR,-24.32,-46.9983,71.71,88,9,6.49,clear sky
249,Provideniya,RU,64.3833,-173.3,-4.04,82,8,7.99,clear sky
250,Dunedin,NZ,-45.8742,170.5036,49.37,77,100,7.2,overcast clouds
251,Constitucion,CL,-35.3333,-72.4167,50.5,87,2,8.41,clear sky
252,Talnakh,RU,69.4865,88.3972,1.74,95,100,11.81,overcast clouds
253,Valreas,FR,44.3837,4.9908,36.72,73,91,4.83,overcast clouds
254,Yatou,CN,37.15,122.3833,49.87,41,0,3.47,clear sky
255,Teknaf,BD,20.8624,92.3058,83.03,43,2,6.42,clear sky
256,Muli,MV,2.9167,73.5667,81.68,75,100,14.88,overcast clouds
257,Buluang,PH,13.3068,123.3425,88.75,58,70,4.72,broken clouds
258,Piacabucu,BR,-10.4056,-36.4344,76.14,87,56,10.13,broken clouds
259,Basco,PH,20.4487,121.9702,77.05,87,98,28.83,overcast clouds
260,Goma,CD,-1.6792,29.2228,64.09,86,98,1.95,overcast clouds
261,Vagay,RU,57.9375,69.0217,29.28,90,100,14.14,light snow
262,Bento Goncalves,BR,-29.1714,-51.5192,60.53,99,97,3.0,overcast clouds
263,Awbari,LY,26.5921,12.7805,68.22,32,99,6.87,overcast clouds
264,Split,HR,43.5089,16.4392,51.91,82,75,6.91,broken clouds
265,Kodiak,US,57.79,-152.4072,15.31,62,75,0.0,broken clouds
266,Lukovetskiy,RU,64.2956,41.9211,12.18,99,95,3.31,overcast clouds
267,Killybegs,IE,54.6333,-8.45,41.67,62,89,29.84,overcast clouds
268,Lagoa,PT,39.05,-27.9833,61.72,63,19,14.47,few clouds
269,Naruto,JP,34.1833,134.6167,53.98,47,75,18.41,broken clouds
270,Narasannapeta,IN,18.4167,84.05,81.39,67,99,13.18,overcast clouds
271,Bodden Town,KY,19.2833,-81.25,79.84,58,85,10.49,overcast clouds
272,Sioux Lookout,CA,50.1001,-91.917,21.58,79,90,9.22,overcast clouds
273,Lluta,PE,-16.0147,-72.0142,46.67,56,100,0.81,overcast clouds
274,Matamoros,MX,25.5333,-103.25,54.91,57,100,2.48,overcast clouds
275,Bom Jesus,BR,-9.0744,-44.3586,70.61,95,50,0.31,scattered clouds
276,Vestmannaeyjar,IS,63.4427,-20.2734,31.66,54,98,3.94,overcast clouds
277,Tiznit,MA,29.5833,-9.5,51.44,83,76,8.61,broken clouds
278,Torbay,CA,47.6666,-52.7314,45.37,100,90,8.05,mist
279,Sitka,US,57.0531,-135.33,35.49,80,90,11.5,light rain
280,Saint-Louis,SN,16.3333,-15.0,74.57,39,99,10.6,overcast clouds
281,Faanui,PF,-16.4833,-151.75,81.54,72,14,19.93,few clouds
282,Torbat-E Jam,IR,35.244,60.6225,48.72,49,0,1.1,clear sky
283,Komsomolskiy,UZ,40.4272,71.7189,45.32,70,27,2.3,haze
284,Pevek,RU,69.7008,170.3133,-26.27,97,17,3.53,few clouds
285,Skibbereen,IE,51.55,-9.2667,39.0,60,1,25.37,clear sky
286,Pangody,RU,65.85,74.4859,-8.43,97,67,8.5,broken clouds
287,Sorong,ID,-0.8833,131.25,84.6,69,98,7.61,overcast clouds
288,Santa Maria,BR,-29.6842,-53.8069,63.95,93,34,3.58,scattered clouds
289,Turukhansk,RU,65.8167,87.9833,0.34,95,100,12.59,overcast clouds
290,Novyy Urgal,RU,51.0736,132.5642,12.04,93,93,1.45,overcast clouds
291,Muravlenko,RU,63.7898,74.523,3.56,96,97,11.27,light snow
292,Zhigansk,RU,66.7697,123.3711,-0.35,97,100,5.68,light snow
293,Alta Floresta,BR,-9.8756,-56.0861,71.06,99,99,2.21,overcast clouds
294,Along,IN,28.1667,94.7667,77.38,34,10,1.68,clear sky
295,Flin Flon,CA,54.7682,-101.865,28.04,93,79,8.63,broken clouds
296,Amreli,IN,21.6167,71.2333,84.94,28,1,6.33,clear sky
297,Vardo,NO,70.3705,31.1107,25.3,57,100,5.32,overcast clouds
298,Leningradskiy,RU,69.3833,178.4167,-22.47,93,18,5.64,few clouds
299,Eureka,US,40.8021,-124.1637,47.59,80,99,2.71,overcast clouds
300,Acarau,BR,-2.8856,-40.12,79.99,79,27,13.15,scattered clouds
301,Iqaluit,CA,63.7506,-68.5145,17.33,73,75,10.36,broken clouds
302,Chernyshevskiy,RU,63.0128,112.4714,1.11,92,100,11.9,overcast clouds
303,Betioky,MG,-23.7167,44.3833,72.97,38,0,11.56,clear sky
304,Flinders,AU,-34.5833,150.8552,61.88,82,100,17.25,overcast clouds
305,Nabire,ID,-3.3667,135.4833,85.01,75,87,4.32,overcast clouds
306,San Juan,AR,-31.5375,-68.5364,78.03,35,15,22.79,few clouds
307,Norman Wells,CA,65.282,-126.8329,-5.76,71,20,12.66,few clouds
308,Yuxia,CN,34.0615,108.6291,50.61,45,100,2.89,overcast clouds
309,Noyabrsk,RU,63.1994,75.4507,5.83,95,98,14.23,light snow
310,Touros,BR,-5.1989,-35.4608,79.21,80,13,11.74,few clouds
311,Belaya Gora,RU,68.5333,146.4167,-34.01,99,87,1.23,overcast clouds
312,Albenga,IT,44.0529,8.216,49.96,76,0,6.91,clear sky
313,Sao Filipe,CV,14.8961,-24.4956,77.09,75,8,10.45,clear sky
314,Namtsy,RU,62.7161,129.6658,-2.09,98,100,1.77,overcast clouds
315,Tombouctou,ML,20.0,-3.0,73.4,34,86,6.76,overcast clouds
316,Hambantota,LK,6.1241,81.1185,86.34,79,40,2.3,scattered clouds
317,Presidente Franco,PY,-25.5333,-54.6167,66.72,100,0,0.0,clear sky
318,Banda Aceh,ID,5.5577,95.3222,83.7,71,61,4.21,broken clouds
319,Surt,LY,31.2089,16.5887,64.11,57,95,18.01,overcast clouds
320,Zorgo,BF,12.2489,-0.6158,74.97,23,14,9.46,few clouds
321,Jati,PK,24.3539,68.2671,83.91,33,3,3.69,clear sky
322,Cukai,MY,4.25,103.4167,84.34,81,100,7.61,light rain
323,Kamina,CD,-8.7386,24.9906,67.6,90,97,2.77,overcast clouds
324,Pangnirtung,CA,66.1451,-65.7125,14.7,66,100,5.1,overcast clouds
325,Cutro,IT,39.0353,16.9819,51.17,76,100,8.21,overcast clouds
326,Araouane,ML,18.9048,-3.5265,72.23,31,13,4.9,few clouds
327,Isangel,VU,-19.55,169.2667,78.93,77,36,14.36,scattered clouds
328,Tilichiki,RU,60.4667,166.1,-1.93,98,79,10.07,light snow
329,Praia Da Vitoria,PT,38.7333,-27.0667,61.05,94,75,10.83,broken clouds
330,Shunyi,CN,40.125,116.6453,46.35,61,0,4.47,clear sky
331,Rio Grande,BR,-32.035,-52.0986,68.99,91,93,19.57,overcast clouds
332,Hovd,MN,48.0056,91.6419,22.62,51,94,1.63,overcast clouds
333,Hervey Bay,AU,-25.2986,152.8535,84.31,81,100,13.82,light rain
334,Bac Lieu,VN,9.285,105.7244,79.14,80,100,9.57,overcast clouds
335,Tondano,ID,1.3038,124.9112,73.49,87,94,3.27,light rain
336,Zhuhai,CN,22.2769,113.5678,76.71,53,0,12.66,clear sky
337,Prince Rupert,CA,54.3161,-130.3201,40.69,73,90,8.05,overcast clouds
338,Moron,AR,-34.6534,-58.6198,69.55,74,1,6.6,clear sky
339,Katsuura,JP,35.1333,140.3,55.51,38,33,15.19,scattered clouds
340,Comodoro Rivadavia,AR,-45.8667,-67.5,60.66,33,0,10.36,clear sky
341,Trofors,NO,65.5333,13.4063,25.95,98,43,2.73,scattered clouds
342,Ibra,OM,22.6906,58.5334,81.01,31,40,1.79,scattered clouds
343,Fort Smith,US,35.3859,-94.3986,45.09,75,1,0.0,clear sky
344,Vanimo,PG,-2.6741,141.3028,83.88,73,94,6.15,overcast clouds
345,Lavrentiya,RU,65.5833,-171.0,-9.11,93,25,8.12,scattered clouds
346,Acapulco,MX,16.8634,-99.8901,76.53,84,50,3.65,scattered clouds
347,Sambava,MG,-14.2667,50.1667,83.23,65,36,9.04,scattered clouds
348,Vega De Alatorre,MX,20.0333,-96.6333,66.99,89,97,12.28,overcast clouds
349,Baykit,RU,61.67,96.37,3.2,96,100,4.32,overcast clouds
350,Marzuq,YE,14.4,46.4667,73.47,40,0,4.16,clear sky
351,Souillac,MU,-20.5167,57.5167,82.78,57,20,11.5,few clouds
352,That Phanom,TH,16.9364,104.7104,82.42,43,38,15.55,scattered clouds
353,Kamariotissa,GR,40.4833,25.4667,57.25,80,74,11.99,light rain
354,Altamira,BR,-3.2033,-52.2064,73.63,92,76,2.59,broken clouds
355,Yankton,US,42.8711,-97.3973,43.05,56,1,0.0,clear sky
356,Port Lincoln,AU,-34.7333,135.8667,63.93,60,56,15.46,broken clouds
357,Berlevag,NO,70.8578,29.0864,22.41,67,95,15.68,overcast clouds
358,Lorengau,PG,-2.0226,147.2712,83.35,74,77,2.48,broken clouds
359,Palasa,IN,18.7667,84.4167,81.23,67,88,8.08,overcast clouds
360,Chumikan,RU,54.7183,135.315,22.73,72,4,27.07,clear sky
361,Zwettl,AT,48.6,15.1667,26.26,94,99,3.4,overcast clouds
362,Bhadasar,IN,28.2833,74.3167,77.22,26,0,3.31,clear sky
363,Marystown,CA,47.1666,-55.1483,45.25,90,70,6.13,broken clouds
364,Aklavik,CA,68.2191,-135.0107,-6.77,94,100,21.83,light snow
365,Sao Joao Da Barra,BR,-21.6403,-41.0511,71.29,94,99,6.87,light rain
366,Coihaique,CL,-45.5752,-72.0662,45.21,87,0,2.3,clear sky
367,Roald,NO,62.5833,6.1333,26.74,86,0,11.5,clear sky
368,Beira,MZ,-19.8436,34.8389,77.09,65,75,12.66,light rain
369,Longyearbyen,SJ,78.2186,15.6401,8.44,85,90,6.91,snow
370,Yagodnoye,RU,62.55,149.6667,-32.67,92,8,3.2,clear sky
371,Aloleng,PH,16.1307,119.7824,87.98,62,82,6.89,broken clouds
372,Krabi,TH,8.0726,98.9105,86.11,79,75,3.44,moderate rain
373,Srandakan,ID,-7.9386,110.2506,83.95,72,78,10.63,broken clouds
374,Narva-Joesuu,EE,59.4589,28.0408,27.91,78,87,13.31,overcast clouds
375,Miyang,CN,24.4042,103.4428,61.3,75,74,7.92,broken clouds
376,Narsaq,GL,60.9167,-46.05,39.79,99,100,6.98,moderate rain
377,Hay River,CA,60.8156,-115.7999,-0.42,78,20,14.97,few clouds
378,Yarmouth,US,41.7057,-70.2286,37.54,75,75,14.97,broken clouds
379,Richards Bay,ZA,-28.783,32.0377,71.65,60,90,9.95,overcast clouds
380,Notse,TG,6.95,1.1667,74.79,93,15,3.8,few clouds
381,Ambilobe,MG,-13.2,49.05,89.71,47,43,2.1,scattered clouds
382,Belmonte,BR,-15.8631,-38.8828,70.3,86,45,5.3,scattered clouds
383,Pokhara,NP,28.2333,83.9833,67.57,52,10,3.67,clear sky
384,Warrington,GB,53.3925,-2.5802,41.11,56,75,33.38,broken clouds
385,Okrika,NG,4.7416,7.0849,77.59,89,74,3.74,broken clouds
386,Alenquer,BR,-1.9417,-54.7383,79.14,82,65,2.82,broken clouds
387,Kesova Gora,RU,57.5836,37.2922,31.93,99,100,6.85,snow
388,Kaitangata,NZ,-46.2817,169.8464,51.12,60,100,8.37,overcast clouds
389,Dingle,PH,10.9995,122.6711,84.69,76,100,13.87,overcast clouds
390,Hun,LY,29.1268,15.9477,62.78,41,2,7.83,clear sky
391,Qaqortoq,GL,60.7167,-46.0333,39.2,99,100,5.57,heavy intensity rain
392,Kotelnich,RU,58.3089,48.348,34.07,89,100,12.19,overcast clouds
393,Anekal,IN,12.7,77.7,71.11,87,100,10.74,overcast clouds
394,Clyde River,CA,70.4692,-68.5914,-5.57,84,58,5.75,broken clouds
395,Rosarito,MX,32.3333,-117.0333,61.39,34,2,4.94,clear sky
396,Coquimbo,CL,-29.9533,-71.3436,60.53,82,90,5.75,overcast clouds
397,Vuktyl,RU,63.8567,57.3094,23.47,97,100,5.01,snow
398,Alyangula,AU,-13.8483,136.4192,78.67,89,75,6.91,broken clouds
399,Norfolk,US,42.1668,-71.2495,35.55,80,90,10.36,light snow
400,Guerrero Negro,MX,27.9769,-114.0611,64.8,70,0,5.12,clear sky
401,Monte Patria,CL,-30.6919,-70.9467,60.91,77,1,1.28,clear sky
402,Mayo,US,38.8876,-76.5119,37.81,52,90,10.36,overcast clouds
403,Gubbi,IN,13.3106,76.9444,72.5,78,100,11.7,overcast clouds
404,Yumen,CN,40.2833,97.2,41.7,16,58,10.2,broken clouds
405,Kinablangan,PH,7.6947,126.5503,80.92,83,100,4.36,light rain
406,Caravelas,BR,-17.7125,-39.2481,69.44,88,53,6.22,broken clouds
407,Skagen,DK,57.7209,10.5839,39.07,78,100,25.32,overcast clouds
408,Barcelos,PT,41.5388,-8.6151,51.94,88,77,9.86,broken clouds
409,Charters Towers,AU,-20.1,146.2667,90.66,35,38,7.14,scattered clouds
410,Nampa,US,43.5407,-116.5635,38.59,93,1,0.0,clear sky
411,Adrar,MR,20.5022,-10.0711,71.83,28,58,8.28,broken clouds
412,Andros Town,BS,24.7,-77.7667,67.96,71,41,8.08,scattered clouds
413,The Valley,AI,18.217,-63.0578,76.86,79,54,12.68,broken clouds
414,Hurricane,US,37.1753,-113.2899,43.97,22,82,4.99,broken clouds
415,San Cristobal,VE,7.7669,-72.225,68.18,95,99,1.43,overcast clouds
416,Upington,ZA,-28.4478,21.2561,64.78,39,0,6.91,clear sky
417,Poum,NC,-20.2333,164.0167,80.38,73,8,8.43,clear sky
418,Gazli,UZ,40.1333,63.45,41.95,40,40,14.34,scattered clouds
419,Coahuayana,MX,18.7333,-103.6833,74.3,90,77,3.33,broken clouds
420,Roma,US,43.2128,-75.4557,30.34,80,90,11.5,overcast clouds
421,Karasjok,NO,69.4719,25.5112,3.31,100,98,0.89,overcast clouds
422,Zhangye,CN,38.9342,100.4517,53.33,10,0,3.67,clear sky
423,Shumskiy,RU,54.8318,99.1328,17.2,64,56,2.06,broken clouds
424,Homberg,DE,51.0333,9.4,34.61,93,75,8.05,light intensity drizzle
425,Jiangyou,CN,31.7667,104.7167,54.95,71,99,4.45,overcast clouds
426,Coari,BR,-4.085,-63.1414,73.11,99,100,1.23,overcast clouds
427,Skelleftea,SE,64.7507,20.9528,13.06,67,29,2.73,scattered clouds
428,Hansot,IN,21.5833,72.8,87.73,35,95,5.68,overcast clouds
429,Havelock,US,34.8791,-76.9013,42.78,56,1,9.22,clear sky
430,Poronaysk,RU,49.2167,143.1167,30.54,66,65,14.38,broken clouds
431,Saint-Pierre,RE,-21.3393,55.4781,83.88,65,0,11.5,light rain
432,Kahului,US,20.8947,-156.47,73.42,64,1,11.5,clear sky
433,Bay City,US,43.5945,-83.8889,28.89,66,90,0.0,overcast clouds
434,Perth,AU,-31.9333,115.8333,98.6,13,0,5.75,clear sky
435,Pitimbu,BR,-7.4706,-34.8086,77.59,80,13,12.93,few clouds
436,Tambo,PE,-14.8,-73.9167,37.58,85,100,2.28,overcast clouds
437,Faya,SA,18.3851,42.4509,60.91,57,1,0.96,clear sky
438,Lucapa,AO,-8.4192,20.7447,68.61,86,73,2.91,broken clouds
439,Turtas,RU,58.9417,69.1325,28.02,91,100,14.32,overcast clouds
440,Baraboo,US,43.4711,-89.7443,30.34,50,90,9.22,overcast clouds
441,Bageshwar,IN,29.85,79.7667,65.61,45,0,3.18,clear sky
442,Merauke,ID,-8.4667,140.3333,86.04,64,94,10.69,overcast clouds
443,Vallenar,CL,-28.5708,-70.7581,59.97,70,0,1.77,clear sky
444,Gouyave,GD,12.1646,-61.7296,79.3,81,100,9.04,overcast clouds
445,Shizuishan,CN,39.2333,106.7694,45.1,49,1,6.64,clear sky
446,Kifri,IQ,34.6959,44.9661,66.52,35,37,4.76,scattered clouds
447,Xai-Xai,MZ,-25.0519,33.6442,72.77,54,82,8.46,broken clouds
448,Lakefield,US,43.6775,-95.1717,43.29,75,1,5.75,clear sky
449,Lianran,CN,24.9227,102.485,55.94,54,24,7.29,few clouds
450,Pimentel,PE,-6.8367,-79.9342,64.81,86,99,9.26,overcast clouds
451,Merrill,US,45.1805,-89.6835,24.57,63,90,4.61,overcast clouds
452,Vao,NC,-22.6667,167.4833,75.31,86,8,18.81,clear sky
453,Gazanjyk,TM,39.2446,55.5154,46.27,40,100,12.59,overcast clouds
454,Gummidipundi,IN,13.4,80.15,80.6,90,100,12.15,light rain
455,Matay,EG,28.419,30.7792,66.18,43,0,3.44,clear sky
456,Waipawa,NZ,-41.4122,175.5153,56.03,79,99,6.31,overcast clouds
457,San Carlos De Bariloche,AR,-41.1456,-71.3082,46.15,66,40,4.61,scattered clouds
458,Tahta,EG,26.7693,31.5021,57.52,33,3,5.01,clear sky
459,Menongue,AO,-14.6585,17.691,71.29,67,86,6.22,overcast clouds
460,Langres,FR,47.8333,5.3333,34.65,99,100,7.29,overcast clouds
461,Atar,MR,20.5169,-13.0499,71.89,42,23,7.78,few clouds
462,Oistins,BB,13.0667,-59.5333,77.09,94,20,4.61,few clouds
463,Boa Vista,BR,2.8197,-60.6733,80.58,78,40,4.61,scattered clouds
464,Katobu,ID,-4.9408,122.5276,88.16,63,89,4.07,overcast clouds
465,Simpang,ID,-1.2667,104.0833,89.37,53,73,6.6,heavy intensity rain
466,Esperance,AU,-33.8667,121.9,82.24,52,79,18.01,broken clouds
467,Mackenzie,CA,55.2999,-123.1698,26.82,63,1,10.36,clear sky
468,Abha,SA,18.2164,42.5053,60.62,63,0,0.0,clear sky
469,Daru,PG,-9.0763,143.2092,84.78,72,77,8.37,broken clouds
470,Amapa,BR,1.0,-52.0,71.56,100,100,1.86,overcast clouds
471,Morlaix,FR,48.5833,-4.0,46.47,87,75,31.07,broken clouds
472,Senno,RU,59.5336,33.9167,26.74,96,100,4.47,light snow
473,Dicabisagan,PH,17.0818,122.4157,79.74,81,98,5.99,overcast clouds
474,Anadyr,RU,64.75,177.4833,-16.1,76,0,6.71,clear sky
475,Salinas,US,36.6777,-121.6555,49.01,44,63,4.0,broken clouds
476,Torres,BR,-29.3353,-49.7269,69.13,87,61,7.74,broken clouds
477,Klyuchi,RU,52.2667,79.1667,20.89,85,100,16.78,overcast clouds
478,Yulara,AU,-25.2406,130.9889,84.04,20,0,8.05,clear sky
479,Bonoua,CI,5.2741,-3.595,76.62,88,51,4.09,broken clouds
480,Makakilo City,US,21.3469,-158.0858,73.72,68,1,0.0,clear sky
481,Del Rio,US,29.3627,-100.8968,50.4,76,40,3.44,light intensity drizzle
482,Zimovniki,RU,47.1483,42.4633,35.42,87,1,13.18,clear sky
483,Mugur-Aksy,RU,50.35,90.5,8.6,58,22,5.44,few clouds
484,Binga,ZW,-17.6203,27.3414,75.54,66,71,10.85,broken clouds
485,Male,MV,4.1748,73.5089,82.35,83,75,12.66,broken clouds
486,Young,UY,-32.6833,-57.6333,57.34,81,0,7.87,clear sky
487,Paamiut,GL,61.994,-49.6678,37.31,99,100,13.67,moderate rain
488,Poltavka,RU,54.3663,71.7632,22.32,88,100,17.92,overcast clouds
489,Smithers,CA,54.7804,-127.1743,25.12,93,75,0.0,broken clouds
490,Westfield,US,42.1251,-72.7495,35.96,64,90,16.11,overcast clouds
491,Aksarka,RU,66.5606,67.7975,-4.7,97,94,3.18,overcast clouds
492,Kandrian,PG,-6.2167,149.55,85.87,66,100,4.63,overcast clouds
493,Wanaka,NZ,-44.7,169.15,48.58,87,100,4.52,overcast clouds
494,Pacific Grove,US,36.6177,-121.9166,48.6,56,65,7.25,broken clouds
495,Jardim,BR,-21.4803,-56.1381,71.35,97,3,2.66,clear sky
496,Port Augusta,AU,-32.5,137.7667,73.54,38,41,18.45,scattered clouds
497,Byron Bay,AU,-28.65,153.6167,75.31,81,100,16.2,moderate rain
498,Doha,QA,25.2867,51.5333,82.38,47,0,3.44,clear sky
499,Mecca,SA,21.4267,39.8261,80.37,59,0,0.96,clear sky
500,San Pedro De Tutule,HN,14.25,-87.85,55.99,91,99,5.55,overcast clouds
501,Lima,PE,-12.0432,-77.0282,62.85,88,90,10.36,overcast clouds
502,Alta Gracia,AR,-31.6529,-64.4283,66.97,48,10,3.65,clear sky
503,Kon Tum,VN,14.35,108.0,70.95,80,97,6.85,light rain
504,Ballina,AU,-28.8667,153.5667,75.38,83,90,14.97,overcast clouds
505,Kemijarvi,FI,66.7131,27.4306,10.58,94,100,1.59,overcast clouds
506,Praia,CV,14.9215,-23.5087,73.94,83,20,16.11,few clouds
507,Ancud,CL,-41.8697,-73.8203,47.73,87,64,4.12,broken clouds
508,Paramonga,PE,-10.6667,-77.8333,65.1,89,99,6.58,overcast clouds
509,Horsham,GB,51.064,-0.3272,38.91,87,75,20.71,broken clouds
510,Bolshaya Dzhalga,RU,45.9695,42.6966,40.66,80,65,13.24,broken clouds
511,Vanavara,RU,60.34,102.2797,3.11,92,81,8.12,broken clouds
512,Lexington,US,37.9887,-84.4777,32.0,62,13,5.77,few clouds
513,Fonte Boa,BR,-2.4959,-66.2662,72.99,98,83,2.66,light rain
514,Bairiki,KI,1.3292,172.9752,84.2,70,75,10.36,broken clouds
515,Nuevo Progreso,MX,23.1667,-97.95,61.83,77,100,4.21,overcast clouds
516,Filingue,NE,14.3521,3.3168,73.94,19,13,10.09,few clouds
517,Astoria,US,46.1879,-123.8313,48.09,100,75,0.0,broken clouds
518,Danville,US,36.586,-79.395,32.56,58,5,5.32,clear sky
519,Jalu,LY,29.0331,21.5482,63.46,65,1,4.65,clear sky
520,Bansi,IN,27.1833,82.9333,75.69,44,0,3.94,clear sky
521,Belyy Yar,RU,53.6039,91.3903,19.29,58,0,13.42,clear sky
522,Cayenne,GF,4.9333,-52.3333,77.04,94,75,2.3,broken clouds
523,Leshukonskoye,RU,64.8989,45.7622,13.26,97,100,3.47,overcast clouds
524,Sao Jose Da Coroa Grande,BR,-8.8978,-35.1478,76.19,87,16,8.03,few clouds
525,Avera,US,33.194,-82.5271,40.66,50,0,5.48,clear sky
526,Pareora,NZ,-44.4871,171.2132,47.39,91,100,4.16,light rain
527,Burnie,AU,-41.0667,145.9167,59.13,54,72,8.59,broken clouds
528,Sayyan,YE,15.1718,44.3244,58.73,42,0,3.85,clear sky
529,Nizhniy Chir,RU,48.3597,43.0865,31.62,82,8,14.16,clear sky
530,Sale,MA,34.0389,-6.8166,48.88,100,40,4.61,scattered clouds
531,Waingapu,ID,-9.6567,120.2641,86.27,69,82,5.91,broken clouds
532,Chuy,UY,-33.6971,-53.4616,66.56,84,22,11.43,few clouds
533,Atasu,KZ,48.6814,71.6433,16.9,71,18,5.23,few clouds
534,Alakurtti,RU,66.9672,30.3491,4.1,97,100,2.95,overcast clouds
535,Lunglei,IN,22.8833,92.7333,76.95,34,0,3.6,clear sky
536,Shawnee,US,39.05,-95.7669,48.15,45,1,9.31,clear sky
537,Sokolo,ML,14.7328,-6.1219,76.23,28,13,8.72,few clouds
538,Nova Olimpia,BR,-14.7972,-57.2881,70.95,87,98,2.35,overcast clouds
539,Den Helder,NL,52.9599,4.7593,44.58,81,90,6.91,overcast clouds
540,Kyren,RU,51.6828,102.1408,16.12,79,100,3.65,overcast clouds
541,Havre,FR,49.5833,0.3333,42.57,81,75,31.07,broken clouds
542,Russell,US,32.3502,-85.1999,38.91,55,1,4.61,clear sky
543,Srednekolymsk,RU,67.45,153.6833,-36.06,99,22,1.34,few clouds
544,Ixtapa,MX,20.7,-105.2,70.0,80,89,2.75,overcast clouds
545,Harindanga,IN,22.0383,88.3214,78.78,27,4,8.7,clear sky
546,Loukhi,RU,66.0764,33.0381,7.09,98,88,3.4,overcast clouds
547,Batemans Bay,AU,-35.7167,150.1833,60.48,70,100,14.58,overcast clouds
548,Kangaatsiaq,GL,68.3065,-53.4641,24.57,74,100,5.86,overcast clouds
549,Adzope,CI,6.1069,-3.8619,72.52,97,30,2.06,light rain
550,Suntar,RU,62.1444,117.6319,8.87,83,100,14.12,overcast clouds
551,Broken Hill,AU,-31.95,141.4333,73.11,38,75,20.71,broken clouds
552,Cabras,IT,39.93,8.5314,52.63,74,98,2.75,overcast clouds
553,Tambura,SS,5.6,27.4667,78.44,44,28,5.64,scattered clouds
554,Atagay,RU,55.1033,99.3875,16.93,67,64,4.81,broken clouds
555,El Sauzal,MX,31.9,-116.6833,62.19,41,0,4.76,clear sky
556,Emet,TR,39.343,29.2585,51.75,90,100,8.88,overcast clouds
557,Salinopolis,BR,-0.6136,-47.3561,80.24,79,81,10.78,broken clouds
558,Takoradi,GH,4.8845,-1.7554,78.19,87,47,5.55,light rain
559,Sarangani,PH,5.4033,125.4636,83.03,77,82,13.02,broken clouds
560,Bangkalan,ID,-7.0455,112.7351,85.95,66,95,8.59,moderate rain
561,Ipixuna,BR,-1.7625,-48.8043,76.95,96,29,3.18,scattered clouds
562,Maningrida,AU,-12.0667,134.2667,88.95,55,93,7.58,overcast clouds
563,Kyshtovka,RU,56.555,76.6271,17.92,92,100,16.06,overcast clouds
564,Ayan,RU,56.45,138.1667,24.17,68,11,4.45,few clouds
565,Koplik,AL,42.2136,19.4364,60.12,81,96,8.37,overcast clouds
566,Conceicao Da Barra,BR,-18.5933,-39.7322,68.59,90,54,5.19,broken clouds
567,Axim,GH,4.8699,-2.2405,78.13,87,44,5.48,light rain
568,Naples,IT,40.8333,14.25,54.21,87,90,4.61,moderate rain
569,Dwarka,IN,22.2394,68.9678,81.18,50,26,6.38,scattered clouds
570,Bell Ville,AR,-32.6259,-62.6887,68.16,56,22,8.72,few clouds
571,Orissaare,EE,58.5592,23.0826,31.98,78,100,20.13,overcast clouds
572,Manokwari,ID,-0.8667,134.0833,82.94,74,100,7.16,overcast clouds
573,Aswan,EG,24.0934,32.907,67.3,37,0,8.05,clear sky
574,Easton,US,40.6884,-75.2207,36.45,63,53,14.76,broken clouds
575,Rumboci,BA,43.8322,17.5011,37.99,92,91,7.38,overcast clouds
576,Voh,NC,-20.9667,164.7,84.15,62,72,6.26,broken clouds
577,Luba,GQ,3.4568,8.5547,75.09,82,90,7.2,light rain
578,Belen,TR,36.4891,36.2233,51.85,83,56,3.53,broken clouds
579,Nambucca Heads,AU,-30.65,153.0,71.6,74,98,13.56,overcast clouds
580,Coihueco,CL,-36.6167,-71.8333,48.94,100,0,0.0,clear sky
581,Ilinskiy,RU,55.619,38.1182,37.98,87,90,6.71,overcast clouds
582,La Suiza,CR,9.8524,-83.6133,71.1,95,97,2.8,overcast clouds
583,Paraiso,CR,9.8383,-83.8656,63.46,95,96,2.48,overcast clouds
584,Kudahuvadhoo,MV,2.6708,72.8944,81.5,73,83,15.86,broken clouds
585,Sarkand,KZ,45.41,79.9186,27.86,51,6,3.89,clear sky
586,Taltal,CL,-25.4,-70.4833,60.06,79,7,2.71,clear sky
587,Millau,FR,44.0833,2.9167,37.53,97,97,4.21,overcast clouds
588,Moussoro,TD,13.6408,16.4901,72.45,17,2,11.9,clear sky
589,Rajapur,IN,25.3833,81.15,77.0,29,0,5.26,clear sky
590,Akhalgori,GE,42.126,44.4833,33.31,58,4,1.45,clear sky
591,Walvis Bay,NA,-22.9575,14.5053,52.75,87,0,5.75,clear sky
592,Mahajanga,MG,-15.7167,46.3167,80.62,83,20,8.05,few clouds
593,Salisbury,GB,51.0693,-1.7957,37.78,90,96,32.97,light rain
594,Manoel Urbano,BR,-8.8389,-69.2597,74.39,93,55,0.85,broken clouds
595,Babynino,RU,54.39,35.73,33.55,92,100,15.08,overcast clouds
596,Alofi,NU,-19.0595,-169.9187,75.09,100,96,2.3,light rain
597,Nador,MA,35.174,-2.9287,55.65,58,40,8.05,scattered clouds
598,Botwood,CA,49.1499,-55.3482,45.88,85,99,11.3,overcast clouds
599,Kaliganj,BD,23.4095,89.1402,80.29,33,0,6.82,clear sky
600,Tigil,RU,57.8,158.6667,-10.39,90,9,1.52,clear sky
601,Superior,US,46.7208,-92.1041,31.68,43,90,0.0,overcast clouds
602,Ewa Beach,US,21.3156,-158.0072,73.85,69,0,10.87,clear sky
603,Cabedelo,BR,-6.9811,-34.8339,77.67,78,18,13.11,few clouds
604,Baracoa,CU,20.3467,-74.4958,75.07,82,74,3.38,broken clouds
605,Mayor Pablo Lagerenza,PY,-19.9309,-60.7718,76.41,84,92,4.18,overcast clouds
606,Nazare,BR,-13.035,-39.0144,69.17,96,78,2.48,broken clouds
607,Mpika,ZM,-11.8343,31.4529,61.77,96,100,10.02,light rain
608,Samut Songkhram,TH,13.4,99.9583,81.46,57,49,7.58,scattered clouds
609,Ternate,ID,0.8,127.4,83.97,72,87,9.33,overcast clouds
610,Boralday,KZ,43.3578,76.8594,26.46,86,75,6.71,broken clouds
611,Zhuji,CN,29.7188,120.2423,62.51,51,58,6.2,broken clouds
612,Vengerovo,RU,55.6848,76.7471,16.99,92,100,16.64,overcast clouds
613,Yamethin,MM,20.4333,96.15,80.51,67,84,7.96,broken clouds
614,Corn Island,NI,12.1694,-83.0418,81.39,75,88,12.35,overcast clouds
615,Ouallam,NE,14.3188,2.0866,73.72,21,37,10.63,scattered clouds
616,Serebryanyy Bor,RU,56.8,124.8,14.13,92,100,2.95,overcast clouds
617,Ormara,PK,25.2088,64.6357,80.56,31,56,10.02,broken clouds
618,Sosnovo-Ozerskoye,RU,52.5249,111.5418,21.36,65,100,11.9,overcast clouds
619,Vieques,PR,18.425,-65.8329,76.1,69,9,5.61,clear sky
620,Haputale,LK,6.7681,80.9595,70.39,75,55,4.72,broken clouds
621,San Vicente,AR,-26.6167,-54.1333,56.1,99,11,2.15,few clouds
622,Pilar,BR,-9.5972,-35.9567,76.93,95,56,5.21,broken clouds
623,Krasnoselkup,RU,65.7,82.4667,-9.11,98,65,10.63,broken clouds
624,Mizan Teferi,ET,6.9833,35.5833,74.91,51,59,0.16,broken clouds
625,Palestine,PS,31.9216,35.2033,49.42,53,23,3.8,few clouds
626,Sovetskiy,RU,61.3614,63.5842,29.37,84,90,12.77,overcast clouds
627,Izyum,UA,49.2088,37.2485,38.57,78,100,17.74,overcast clouds
628,Thanjavur,IN,10.8,79.15,81.16,81,100,16.46,overcast clouds
629,Sistranda,NO,63.7256,8.834,24.76,66,86,9.82,overcast clouds
630,Sobolevo,RU,54.4299,31.8996,32.88,97,100,15.28,snow
631,Yei,SS,4.095,30.6779,77.2,59,34,3.96,scattered clouds
632,Mogadishu,SO,2.0371,45.3438,75.07,83,75,9.22,drizzle
633,Tanete,ID,-3.9443,119.7848,87.33,67,95,10.22,overcast clouds
634,Ugoofaaru,MV,5.6667,73.0,81.79,75,97,12.95,overcast clouds
635,Bosanski Brod,BA,45.1375,17.9897,39.52,97,89,3.91,overcast clouds
636,Grojec,PL,51.8625,20.8676,31.39,98,100,12.21,light snow
637,Bosaso,SO,11.2842,49.1816,82.38,78,20,0.0,few clouds
638,Ferkessedougou,CI,9.6,-5.2,74.01,59,67,1.83,broken clouds
639,Palmer,US,42.1584,-72.3287,33.73,78,100,14.36,overcast clouds
640,Waddan,LY,29.1614,16.139,62.73,43,2,8.9,clear sky
641,Vila Franca Do Campo,PT,37.7167,-25.4333,55.81,74,12,8.34,few clouds
642,Banjar,ID,-8.19,114.9675,85.86,77,98,0.34,overcast clouds
643,Kathmandu,NP,27.7167,85.3167,64.62,52,40,2.3,haze
644,Balykshi,KZ,47.0667,51.8667,28.4,80,75,13.42,broken clouds
645,Gat,IL,31.61,34.7642,57.88,52,45,1.81,scattered clouds
646,Kalabo,ZM,-14.97,22.6814,71.55,73,65,9.46,light rain
647,Murray Bridge,AU,-35.1167,139.2667,74.95,42,30,19.3,scattered clouds
648,Gomel,BY,52.4345,30.9754,37.38,93,90,20.13,overcast clouds
649,Urumqi,CN,43.801,87.6005,23.95,86,90,4.47,light snow
650,Nanortalik,GL,60.1432,-45.2371,43.86,96,100,15.26,moderate rain
651,Antsohihy,MG,-14.8796,47.9875,85.75,61,59,3.78,broken clouds
652,Bilibino,RU,68.0546,166.4372,-32.62,99,10,4.16,clear sky
653,Puerto Carreno,CO,6.189,-67.4859,76.5,87,83,4.23,broken clouds
654,Kasongo-Lunda,CD,-6.4667,16.8167,69.93,99,100,1.21,overcast clouds
655,Price,US,39.5994,-110.8107,37.27,34,62,3.71,broken clouds
656,Burgeo,CA,47.6167,-57.6152,46.76,90,64,14.5,broken clouds
657,Kangaba,ML,11.9333,-8.4167,71.38,31,37,4.32,scattered clouds
658,Balkanabat,TM,39.5108,54.3671,51.51,38,100,1.34,overcast clouds
659,Tateyama,JP,34.9833,139.8667,55.42,44,32,14.97,scattered clouds
660,Mahanoro,MG,-19.9,48.8,78.06,74,82,8.72,broken clouds
661,El Dorado,US,38.7666,-120.5177,51.82,35,85,5.32,overcast clouds
662,Krasnyy Chikoy,RU,50.3643,108.7512,21.88,91,100,5.21,snow
663,Derzhavinsk,KZ,51.1,66.3167,15.39,95,94,15.19,overcast clouds
664,Port Keats,AU,-14.25,129.55,90.32,53,99,10.04,overcast clouds
665,Penzance,GB,50.1186,-5.5371,43.81,66,89,44.78,overcast clouds
666,Hobyo,SO,5.3505,48.5268,82.56,67,66,11.05,broken clouds
667,Karaton,ID,-6.3424,106.1045,89.76,75,100,9.48,overcast clouds
668,Arandis,NA,-22.4167,14.9667,64.87,42,0,2.71,clear sky
669,Bethanien,NA,-26.502,17.1583,63.45,17,1,8.39,clear sky
670,Carutapera,BR,-1.195,-46.02,78.58,82,56,7.09,broken clouds
671,Sunbury,AU,-37.5833,144.7333,68.65,46,0,20.71,clear sky
672,Constantine,DZ,36.365,6.6147,44.01,75,40,11.5,scattered clouds
673,Plouzane,FR,48.3833,-4.6167,46.49,74,75,26.46,moderate rain
674,Outlook,CA,51.5001,-107.0513,37.09,88,100,8.7,overcast clouds
675,Portoviejo,EC,-1.05,-80.45,74.61,80,95,5.28,overcast clouds
676,Johnstown,US,40.3267,-78.922,28.38,83,100,13.94,overcast clouds
677,Mandalgovi,MN,45.7625,106.2708,33.31,32,45,11.65,scattered clouds
678,Jacareacanga,BR,-6.2222,-57.7528,73.44,99,100,0.18,overcast clouds
679,Puerto Narino,CO,-3.7703,-70.3831,76.95,80,100,1.14,overcast clouds
680,Kavaratti,IN,10.5669,72.642,82.31,76,95,6.91,overcast clouds
681,Nyurba,RU,63.2842,118.3319,8.51,92,100,10.42,light snow
682,Broome,US,42.2506,-75.833,29.17,86,100,16.42,overcast clouds
683,Wabag,PG,-5.4781,143.7021,60.51,96,96,1.66,overcast clouds
684,Caudebec-Les-Elbeuf,FR,49.2808,1.022,42.49,93,90,18.41,light snow
685,Olafsvik,IS,64.8945,-23.7142,38.93,86,100,14.36,overcast clouds
686,Bac Giang,VN,21.2667,106.2,77.07,39,11,3.2,few clouds
687,Kiruna,SE,67.8557,20.2251,2.32,92,90,0.0,light snow
688,Meulaboh,ID,4.1363,96.1285,84.16,68,52,5.99,broken clouds
689,Tessalit,ML,20.1986,1.0114,71.38,35,12,8.03,few clouds
690,Verkhniy Uslon,RU,55.7701,48.9823,28.62,90,100,13.29,overcast clouds
691,Cabinda,AO,-5.55,12.2,78.1,87,100,6.55,moderate rain
692,Marsala,IT,37.7966,12.4352,62.42,64,100,23.24,overcast clouds
693,Bonthe,SL,7.5264,-12.505,77.68,87,31,2.91,scattered clouds
694,Jibuti,DJ,11.5,42.5,78.35,57,10,10.29,clear sky
695,Nuuk,GL,64.1835,-51.7216,45.21,87,90,33.38,light snow
696,Salalah,OM,17.0151,54.0924,87.13,31,13,9.91,few clouds
697,Asadabad,IR,34.7824,48.1185,48.99,58,1,3.62,clear sky
698,Dudinka,RU,69.4058,86.1778,-1.79,96,100,12.35,overcast clouds
699,Ketchikan,US,55.3422,-131.6461,35.58,88,100,5.53,overcast clouds
700,Bitung,ID,1.4451,125.1824,81.45,79,83,3.78,light rain
701,Shizunai,JP,42.3339,142.3669,40.51,65,27,18.28,scattered clouds
702,Otavi,NA,-19.65,17.3333,77.65,29,3,9.31,clear sky
703,Natal,BR,-5.795,-35.2094,80.82,78,20,12.66,few clouds
704,Pampa,US,35.5362,-100.9599,44.64,53,1,8.05,clear sky
705,Meadow Lake,US,34.8014,-106.5436,35.04,37,69,1.9,broken clouds
706,Saint-Augustin,CA,51.226,-58.6502,43.29,97,100,13.02,overcast clouds
707,Shache,CN,38.4167,77.2406,49.5,23,97,6.22,overcast clouds
708,Boulder City,US,35.9786,-114.8325,46.8,21,1,0.0,clear sky
709,Baghdad,IQ,33.3406,44.4009,55.31,58,0,4.61,clear sky
710,Sao Miguel Do Araguaia,BR,-13.275,-50.1628,72.46,88,66,4.47,broken clouds
711,Pochutla,MX,15.7432,-96.4661,73.06,55,95,4.18,overcast clouds
712,Ust-Nera,RU,64.5667,143.2,-26.9,99,66,4.47,broken clouds
713,Makubetsu,JP,45.3714,141.8211,37.51,74,99,21.18,overcast clouds
714,Talcahuano,CL,-36.7167,-73.1167,50.32,84,9,8.59,clear sky
715,Ryde,GB,50.73,-1.1621,34.14,96,80,34.0,broken clouds
716,Victor Harbor,AU,-35.5667,138.6167,75.29,59,12,16.31,few clouds
717,Pekan,MY,3.4836,103.3996,84.94,69,96,7.14,moderate rain
718,Kuminskiy,RU,58.6667,66.5667,32.58,85,100,14.45,overcast clouds
719,Gamboula,CF,4.1178,15.1393,70.07,71,56,1.39,broken clouds
720,Fortuna,US,40.5982,-124.1573,45.52,100,75,4.61,broken clouds
721,Parambu,BR,-6.2111,-40.6944,76.23,61,84,7.72,broken clouds
722,Roatan,HN,16.3244,-86.5366,77.36,75,100,6.85,overcast clouds
723,Mwene-Ditu,CD,-7.0,23.45,63.86,99,100,1.28,moderate rain
724,Teguise,ES,29.0605,-13.564,55.62,72,0,8.05,clear sky
725,Abnub,EG,27.2696,31.1511,67.71,33,0,3.04,clear sky
726,Cojasca,RO,44.7167,25.85,35.04,86,24,7.23,light snow
727,Sur,OM,22.5667,59.5289,81.05,51,67,12.86,broken clouds
728,Korampallam,IN,8.7667,78.1,82.69,78,75,4.61,haze
729,Lundazi,ZM,-12.2929,33.1782,65.07,92,100,7.94,light rain
730,Ampanihy,MG,-24.7,44.75,71.17,43,35,10.78,scattered clouds
731,Tynda,RU,55.1667,124.7167,11.66,90,100,2.35,light snow
732,High Level,CA,58.5169,-117.136,20.3,79,10,7.29,clear sky
733,Likasi,CD,-10.9814,26.7333,63.32,95,96,4.9,overcast clouds
734,Emba,KZ,48.8264,58.1442,21.65,76,95,6.04,overcast clouds
735,Margate,GB,51.3813,1.3862,37.11,92,100,18.54,overcast clouds
736,Nur,PL,52.6683,22.3221,35.02,99,100,2.26,light snow
737,Te Anau,NZ,-45.4167,167.7167,55.24,62,99,1.41,overcast clouds
